{"objective": "mae", "n_estimators": 2749, "learning_rate": 0.11790704731113073, "num_leaves": 403, "max_depth": 9, "reg_alpha": 35, "min_child_samples": 255, "reg_lambda": 610, "min_split_gain": 0.20955015785349776, "subsample": 0.7911539841668173, "colsample_bytree": 0.7436705305810355, "subsample_freq": 1, "metric": "mae", "random_state": 10, "early_stopping_rounds": 100, "verbose": -1}